company,domain,career_page,email_pattern,hr_emails_found,employees_found,discovered_at,last_updated
Xpansiv,xpansiv.com,,,0,0,2025-12-30T15:48:05.535411,2025-12-30T15:48:05.535422
INFUSE,infuse.com,,,0,0,2025-12-30T15:48:32.368776,2025-12-30T15:48:32.368783
Chainguard,chainguard.com,,,0,0,2025-12-30T15:48:57.904833,2025-12-30T15:48:57.904839
Unlimit,unlimit.com,,,0,0,2025-12-30T15:49:21.841269,2025-12-30T15:49:21.841276
Alpaca,alpaca.com,,,0,0,2025-12-30T15:49:49.016711,2025-12-30T15:49:49.016720
Digital Media Management,digitalmediamanagement.com,,,0,0,2025-12-31T06:05:40.129378,2025-12-31T06:05:40.129390
MyFunded Futures,myfundedfutures.com,,,0,0,2025-12-31T06:06:07.191760,2025-12-31T06:06:07.191768
WNS Global Services,wnsglobalservices.com,,,0,0,2025-12-31T10:06:47.929229,2025-12-31T10:06:47.929239
Agile Six,agilesix.com,,,0,0,2025-12-31T10:07:58.616637,2025-12-31T10:07:58.616645
SBI Growth,sbigrowth.com,,,0,0,2025-12-31T15:02:01.679080,2025-12-31T15:02:01.679092
xAI,xai.com,,,0,0,2026-01-01T05:19:54.159495,2026-01-01T05:19:54.159506
Qualio,qualio.com,,,0,0,2026-01-05T05:51:22.716813,2026-01-05T05:51:22.716825
Recharge,recharge.com,,,0,0,2026-01-05T05:51:49.606118,2026-01-05T05:51:49.606127
Bugcrowd,bugcrowd.com,,,0,0,2026-01-05T05:52:15.702997,2026-01-05T05:52:15.703007
Malt,malt.com,,,0,0,2026-01-05T05:52:41.034470,2026-01-05T05:52:41.034477
Espresso,espresso.com,,,0,0,2026-01-05T05:53:06.202913,2026-01-05T05:53:06.202922
SQUIRE,squire.com,,,0,0,2026-01-05T06:53:54.267403,2026-01-05T06:53:54.267414
Metana,metana.in,,,0,0,2026-01-05T06:54:19.117761,2026-01-05T06:54:19.117770
Assist World,assistworld.com,,,0,0,2026-01-05T06:54:45.201809,2026-01-05T06:54:45.201819
ClickHouse,clickhouse.com,,,0,0,2026-01-05T06:55:28.303935,2026-01-05T06:55:28.303945
Jiga,jiga.in,,,0,0,2026-01-05T10:54:59.654078,2026-01-05T10:54:59.654091
Aegis Ventures,aegisventures.com,,,0,0,2026-01-05T10:55:39.152937,2026-01-05T10:55:39.152947
Dexterity,dexterity.com,,,0,0,2026-01-05T10:56:04.231214,2026-01-05T10:56:04.231223
Muon Space,muonspace.com,,,0,0,2026-01-05T15:51:21.866382,2026-01-05T15:51:21.866393
CertiK,certik.com,,,0,0,2026-01-06T05:39:54.373520,2026-01-06T05:39:54.373529
Wpromote,wpromote.com,,,0,0,2026-01-06T05:40:21.132570,2026-01-06T05:40:21.132578
CoinGecko,coingecko.com,,,0,0,2026-01-06T15:51:31.028866,2026-01-06T15:51:31.028877
Bobsled,bobsled.com,,,0,0,2026-01-06T15:51:56.195163,2026-01-06T15:51:56.195172
Interview Kickstart,interviewkickstart.com,,,0,0,2026-01-06T15:52:21.631831,2026-01-06T15:52:21.631842
Axle,axle.com,,,0,0,2026-01-07T05:39:27.252707,2026-01-07T05:39:27.252718
DISHER,disher.com,,,0,0,2026-01-07T05:39:52.666496,2026-01-07T05:39:52.666505
Trase Systems,trasesystems.com,,,0,0,2026-01-07T05:40:17.581196,2026-01-07T05:40:17.581203
Digible,digible.com,,,0,0,2026-01-07T05:40:44.072371,2026-01-07T05:40:44.072380
Highstreet,highstreet.com,,,0,0,2026-01-07T05:41:08.285537,2026-01-07T05:41:08.285545
Recidiviz,recidiviz.com,,,0,0,2026-01-07T10:52:32.510526,2026-01-07T10:52:32.510538
OpenAI,openai.com,,,0,0,2026-01-07T10:52:57.632666,2026-01-07T10:52:57.632680
Tech Solutions Inc.,techsolutionsinc.com,,,0,0,2026-01-07T10:53:22.647497,2026-01-07T10:53:22.647507
Cloudbeds,cloudbeds.com,,,0,0,2026-01-07T10:53:48.894171,2026-01-07T10:53:48.894186
PlayOn,playon.in,,,0,0,2026-01-07T15:51:07.376105,2026-01-07T15:51:07.376118
Robinhood,robinhood.com,,,0,0,2026-01-08T05:39:15.172498,2026-01-08T05:39:15.172507
KOHO,koho.com,,,0,0,2026-01-08T05:39:43.613627,2026-01-08T05:39:43.613636
Softermii,softermii.com,,,0,0,2026-01-08T05:40:07.791884,2026-01-08T05:40:07.791890
Owner,owner.com,,,0,0,2026-01-08T05:40:32.316271,2026-01-08T05:40:32.316279
Federato,federato.com,,,0,0,2026-01-08T05:40:58.981324,2026-01-08T05:40:58.981331
Front,front.com,,,0,0,2026-01-08T10:51:46.275663,2026-01-08T10:51:46.275674
Elligint Health,elliginthealth.com,,,0,0,2026-01-08T10:52:12.321652,2026-01-08T10:52:12.321661
ALX Africa,alxafrica.com,,,0,0,2026-01-08T15:52:01.162522,2026-01-08T15:52:01.162534
InStride,instride.com,,,0,0,2026-01-09T05:39:47.647131,2026-01-09T05:39:47.647141
Thumbtack,thumbtack.com,,,0,0,2026-01-09T05:40:13.541300,2026-01-09T05:40:13.541309
PerfectServe,perfectserve.com,,,0,0,2026-01-09T05:40:39.226965,2026-01-09T05:40:39.226974
Evolve,evolve.com,,,0,0,2026-01-09T05:41:05.145495,2026-01-09T05:41:05.145505
Cresta,cresta.com,,,0,0,2026-01-09T05:41:30.444099,2026-01-09T05:41:30.444109
Ping Identity,pingidentity.com,,,0,0,2026-01-09T10:51:22.043455,2026-01-09T10:51:22.043464
Visual Concepts,visualconcepts.com,,,0,0,2026-01-09T10:51:48.882121,2026-01-09T10:51:48.882130
Mercury,mercury.com,,,0,0,2026-01-09T10:52:14.422215,2026-01-09T10:52:14.422223
Speechify,speechify.com,,,0,0,2026-01-09T15:51:23.859944,2026-01-09T15:51:23.859953
Callibrity,callibrity.com,,,0,0,2026-01-10T05:35:35.363572,2026-01-10T05:35:35.363582
WorkOS,workos.com,,,0,0,2026-01-10T05:36:17.728641,2026-01-10T05:36:17.728650
PancakeSwap,pancakeswap.com,,,0,0,2026-01-10T10:47:36.522423,2026-01-10T10:47:36.522435
Jobgether,jobgether.com,,,0,0,2026-01-10T10:48:01.909579,2026-01-10T10:48:01.909587
Wormhole Foundation,wormholefoundation.com,,,0,0,2026-01-10T10:48:44.883664,2026-01-10T10:48:44.883673
Galaxy Digital Services,galaxydigitalservices.com,,,0,0,2026-01-10T15:45:19.395516,2026-01-10T15:45:19.395528
A Thinking Ape,athinkingape.com,,,0,0,2026-01-11T05:39:33.017389,2026-01-11T05:39:33.017398
Underdog Sports,underdogsports.com,,,0,0,2026-01-11T05:40:14.552926,2026-01-11T05:40:14.552932
Vidyard,vidyard.com,,,0,0,2026-01-11T05:40:40.303393,2026-01-11T05:40:40.303401
Ada,ada.com,,,0,0,2026-01-11T05:41:06.149272,2026-01-11T05:41:06.149279
Recorded Future,recordedfuture.com,,,0,0,2026-01-11T10:48:55.878936,2026-01-11T10:48:55.878945
Zip,zip.in,,,0,0,2026-01-11T10:49:21.321365,2026-01-11T10:49:21.321374
GHX,ghx.com,,,0,0,2026-01-11T15:45:45.210078,2026-01-11T15:45:45.210088
Excella,excella.com,,,0,0,2026-01-11T15:46:11.488442,2026-01-11T15:46:11.488450
Rocket Money,rocketmoney.com,,,0,0,2026-01-12T05:43:38.252230,2026-01-12T05:43:38.252240
Kalepa,kalepa.com,,,0,0,2026-01-12T05:44:03.401728,2026-01-12T05:44:03.401736
Apogee Therapeutics,apogeetherapeutics.com,,,0,0,2026-01-13T05:37:02.619549,2026-01-13T05:37:02.619557
Braze,braze.com,,,0,0,2026-01-13T05:37:25.291405,2026-01-13T05:37:25.291411
Tailscale,tailscale.com,,,0,0,2026-01-13T05:38:22.721715,2026-01-13T05:38:22.721722
Gate,gate.com,,,0,0,2026-01-13T10:51:52.211186,2026-01-13T10:51:52.211197
BeyondTrust,beyondtrust.com,,,0,0,2026-01-13T10:52:49.574253,2026-01-13T10:52:49.574261
LaunchSquad,launchsquad.com,,,0,0,2026-01-13T15:52:43.764267,2026-01-13T15:52:43.764277
ZenBusiness Inc.,zenbusinessinc.com,,,0,0,2026-01-13T15:53:07.421048,2026-01-13T15:53:07.421057
Udemy,udemy.com,,,0,0,2026-01-14T05:38:11.387540,2026-01-14T05:38:11.387552
Mitratech,mitratech.com,,,0,0,2026-01-14T05:38:38.539216,2026-01-14T05:38:38.539224
Defense Unicorns,defenseunicorns.com,,,0,0,2026-01-14T05:39:05.566862,2026-01-14T05:39:05.566871
NEAR Foundation,nearfoundation.com,,,0,0,2026-01-14T05:39:32.089830,2026-01-14T05:39:32.089841
Apply Digital,applydigital.com,,,0,0,2026-01-14T10:54:06.077963,2026-01-14T10:54:06.077977
Sanctuary Computer,sanctuarycomputer.com,,,0,0,2026-01-14T10:54:46.663534,2026-01-14T10:54:46.663542
Workleap,workleap.com,,,0,0,2026-01-14T10:55:13.256541,2026-01-14T10:55:13.256550
Lumos,lumos.com,,,0,0,2026-01-14T10:55:38.854187,2026-01-14T10:55:38.854195
Basis Technologies,basistechnologies.com,,,0,0,2026-01-14T15:51:41.517122,2026-01-14T15:51:41.517133
SpryPoint,sprypoint.com,,,0,0,2026-01-14T15:52:06.118314,2026-01-14T15:52:06.118322
Quantcast,quantcast.com,,,0,0,2026-01-14T15:52:30.886944,2026-01-14T15:52:30.886953
Skio,skio.com,,,0,0,2026-01-14T15:52:57.601019,2026-01-14T15:52:57.601027
Unreal Snacks,unrealsnacks.com,,,0,0,2026-01-14T15:53:21.459952,2026-01-14T15:53:21.459962
